TITLE,PLAY #,ODK,DN,DIST,YARD LN,PLAY TYPE,RESULT,GN/LS,OFF FORM,OFF PLAY,PASS ZONE,DEF FRONT,COVERAGE,BLITZ,MOTION,PLAY DIR,PLAY DIR2,O Score,D Score,Margin,PASS/RUN,EXPLOSIVE PLAY
,1,K,,,,,,,,,,,,,,,,0,0,0,#N/A,0
,2,O,1,10,,Pass,Complete,7,TRIPS RIGHT,LASER,,3-Apr,0,,,,,0,0,0,1,0
,3,O,2,3,,Run,,-2,SLOTS,10 DOUBLE OMAHA,,3-Apr,0,,,,,0,0,0,0,0
,4,O,3,5,,Run,,-2,DOUBLES,19 LEAD OMAHA,,3-Apr,0,,,,,0,0,0,0,0
,5,K,,,,Punt,,,,,,,,,,,,0,0,0,#N/A,0
,6,D,1,10,-46,Run,,13,THUNDER,QB 37 COUNTER,,,,,,,,0,0,0,0,0
,7,D,1,10,41,Pass,Complete,11,LIGHTNING,STICK,,,,,,,,0,0,0,1,0
,8,D,1,10,30,Run,,15,THUNDER,25 ISO,,,,,,,,0,0,0,0,1
,9,D,1,10,15,Pass,Incomplete,0,OPEN RIGHT,93,,,,,,,,0,0,0,1,0
,10,D,2,10,15,Run,,1,THUNDER,QB 25 POWER READ,,,,,,,,0,0,0,0,0
,11,D,3,9,14,Pass,Complete,11,TIGER,62 FLORIDA CAT,,,,,,,,0,0,0,1,0
,12,D,1,3,3,Run,TD,3,WISHBONE,FB Dive,,,,,,,,0,6,-6,0,0
,13,K,0,,3,Extra Pt. Block,,,,,,,,,,,,0,7,-7,#N/A,0
,14,K,0,,-40,KO Rec,,,,,,,,,,,,0,7,-7,#N/A,0
,15,O,1,10,,Run,,0,4 WIDE,15 DOUBLE OMAHA,,5-2 TNT,0,,,,,0,7,-7,0,0
,16,O,2,10,,Pass,Complete,10,4 WIDE,50 PHILLY SHALLOW,,3-Apr,0,,,,,0,7,-7,1,0
,17,O,1,10,,Pass,"Complete, TD",60,DOUBLES,218 Z SEAM X DIG,,5-2 TNT,0,,,,,6,7,-1,1,1
,18,K,1,10,3,Extra Pt.,Good,,,,,,,,,,,7,7,0,#N/A,0
,19,K,0,,-40,KO,,,,,,,,,,,,7,7,0,#N/A,0
,20,K,1,10,,,,,,,,,,,,,,7,7,0,#N/A,0
,21,K,,,,,,,,,,,,,,,,7,7,0,#N/A,0
,22,O,1,10,,Run,,5,SLOTS,10 DOUBLE OMAHA,,5-2 TNT,0,,,,,7,7,0,0,0
,23,O,2,5,,Run,,0,SLOTS,30 TRAP,,5-2 TNT,0,,FLOAT,,,7,7,0,0,0
,24,O,3,5,,Pass,Complete,32,SLOTS,ZOMBIE 419,,5-2 TNT,0,,ZOOM,,,7,7,0,1,1
,25,O,1,10,,Run,,8,DOUBLES,19 SPEED OMAHA,,5-2 TNT,0,,FLOAT,,,7,7,0,0,0
,26,O,2,2,,Run,Penalty,-10,DOUBLES,,,5-2 TNT,0,,ZOO,,,7,7,0,0,0
,27,O,2,14,,Run,,3,ROAR,19 SPEED OMAHA,,5-2 TNT,0,,,,,7,7,0,0,0
,28,O,3,11,,Pass,Incomplete,0,ROAR,62 FLORIDA,,5-2 TNT,0,YES,,,,7,7,0,1,0
,29,K,4,11,,FG,Good,,,,,,,,,,,10,7,3,#N/A,0
,30,K,,,,,,,,,,,,,,,,10,7,3,#N/A,0
,31,D,1,10,-39,Run,,14,LIGHTNING,15 SINGLE OMAHA,,,,,,,,10,7,3,0,0
,32,D,1,10,-39,Pass,Complete,7,LIGHTNING,91 ALL HITCH,,,,,,,,10,7,3,1,0
,33,D,2,3,-46,Run,,7,THUNDER,25 POWER,,,,,,,,10,7,3,0,0
,34,D,1,10,47,Run,,4,THUNDER,14 SINGLE OMAHA,,,,,,,,10,7,3,0,0
,35,D,2,6,43,Pass,Incomplete,0,THUNDER,93,,,,,,,,10,7,3,1,0
,36,D,3,6,43,Run,,13,WISHBONE,23 ISO,,,,,,,,10,7,3,0,0
,37,D,1,10,30,Run,,5,WISHBONE,FB Dive,,,,,,,,10,7,3,0,0
,38,D,2,5,25,Run,,7,WISHBONE,FB Dive,,,,,,,,10,7,3,0,0
,39,D,1,10,23,Run,,3,WISHBONE,TB TRAP,,,,,,,,10,7,3,0,0
,40,D,2,7,21,Run,,14,THUNDER,QB 37 COUNTER,,,,,,,,10,7,3,0,0
,41,D,1,1,11,Run,,6,4 WIDE,QB DRAW,,,,,,,,10,7,3,0,0
,42,D,1,5,5,Run,,3,ROAR,14 SINGLE OMAHA,,,,,,,,10,7,3,0,0
,43,D,2,2,2,Run,TD,2,WISHBONE,25 ISO,,,,,,,,10,13,-3,0,0
,44,K,0,,3,Extra Pt. Block,,,,,,,,,,,,10,14,-4,#N/A,0
,45,K,0,,-40,KO Rec,,,,,,,,,,,,10,14,-4,#N/A,0
,46,K,1,10,,,,,,,,,,,,,,10,14,-4,#N/A,0
,47,O,1,10,,Pass,Complete,0,TRIPS RIGHT,TUNNEL SCREEN,,3-Apr,0,,,,,10,14,-4,1,0
,48,O,2,10,,Run,,4,LIGHTNING,15 DOUBLE OMAHA,,3-Apr,0,,TWIRL,,,10,14,-4,0,0
,49,O,3,6,,Run,,9,SLOTS,19 SPEED OMAHA,,3-Apr,0,,FLOAT,,,10,14,-4,0,0
,50,O,1,10,,Run,,2,DOUBLES,10 DOUBLE OMAHA,,3-Apr,0,,,,,10,14,-4,0,0
,51,O,2,8,,Pass,"Complete, TD",35,DOUBLES,50 CHINA,,3-Apr,0,,,,,16,14,2,1,1
,52,K,0,,3,Extra Pt.,Good,,,,,,,,,,,17,14,3,#N/A,0
,53,K,0,,-40,KO,,,,,,,,,,,,17,14,3,#N/A,0
,54,D,1,10,-24,Run,,4,OPEN LEFT,14 SINGLE OMAHA,,,,,,,,17,14,3,0,0
,55,D,2,5,-29,Pass,Complete,27,THUNDER,91 ALL HITCH,,,,,,,,17,14,3,1,1
,56,D,1,10,44,Pass,"Complete, TD",44,4 WIDE,JET 93,,,,,,,,17,20,-3,1,1
,57,K,0,,3,Extra Pt. Block,,,,,,,,,,,,17,21,-4,#N/A,0
,58,K,,,,,,,,,,,,,,,,17,21,-4,#N/A,0
,59,O,1,10,,Run,,5,OPEN RIGHT,10 DOUBLE OMAHA,,3-Apr,0,,,,,17,21,-4,0,0
,60,O,2,5,,Run,,7,DOUBLES,19 LEAD OMAHA,,5-2 TNT,0,,,,,17,21,-4,0,0
,61,O,1,10,,Pass,Complete,12,DOUBLES,FLASH 50 ALL SEAM SWITCH,,3-Apr,0,,,,,17,21,-4,1,0
,62,O,1,10,,Run,,-7,DOUBLES,11 DOUBLE OMAHA,,3-Apr,0,YES,,,,17,21,-4,0,0
,63,O,2,17,,Pass,Complete,9,TRIPS RIGHT,91,,,,,,,,17,21,-4,1,0
,64,O,3,8,,Pass,,0,4 WIDE,31 TRAP,,5-2 TNT,0,,,,,17,21,-4,1,0
,65,O,4,8,,Pass,Complete,13,SLOTS,50 MISSISSIPPI,,5-2 TNT,0,,,,,17,21,-4,1,0
,66,O,1,10,,Pass,Incomplete,0,DOUBLE WING LEFT,91,,3-Apr,0,,,,,17,21,-4,1,0
,67,O,2,10,,Run,,5,DOUBLE WING LEFT,11 DOUBLE OMAHA,,3-Apr,0,,,,,17,21,-4,0,0
,68,O,3,5,,,Penalty,,,,,,,,,,,17,21,-4,#N/A,0
,69,O,3,5,,Run,,4,DOUBLES,19 SPEED OMAHA,,3-Apr,0,,,,,17,21,-4,0,0
,70,O,4,1,,,Timeout,,,,,,,,,,,17,21,-4,#N/A,0
,71,O,4,1,,Run,,1,ROAR,19 SPEED OMAHA,,4-Mar,,,,,,17,21,-4,0,0
,72,O,1,10,,,Penalty,-17,HEAVY,QB SCRAMBLE,,,,,,,,17,21,-4,#N/A,0
,73,O,1,27,,Run,,9,HEAVY,BLAST RIGHT,,4-Mar,0,,,,,17,21,-4,0,0
,74,O,2,18,,Run,,2,HEAVY,11 DOUBLE OMAHA,,4-Mar,0,,,,,17,21,-4,0,0
,75,O,3,16,,Pass,Penalty,15,SLOTS,,,,,,,,,17,21,-4,1,0
,76,O,3,1,,Pass,,7,HEAVY,92,,4-Mar,0,,,,,17,21,-4,1,0
,77,O,1,10,,Run,TD,1,HEAVY,BLAST RIGHT,,4-Mar,0,,,,,23,21,2,0,0
,78,K,0,,3,Extra Pt.,Good,,,,,,,,,,,24,21,3,#N/A,0
,79,K,0,,-40,KO,,,,,,,,,,,,24,21,3,#N/A,0
,80,D,1,10,-35,Pass,"Complete, TD",65,4 WIDE,93,,,,,,,,24,27,-3,1,1
,81,K,0,,3,Extra Pt. Block,Good,,,,,,,,,,,24,28,-4,#N/A,0
,82,K,0,,-40,KO Rec,,,,,,,,,,,,24,28,-4,#N/A,0
,83,O,1,10,,Run,Fumble,3,4 WIDE,30 TRAP,,3-Apr,0,,,,,24,28,-4,0,0
,84,D,1,10,45,Pass,Complete,8,4 WIDE,JET RB CHECK DOWN,,,,,,,,24,28,-4,1,0
,85,D,2,2,37,Pass,Incomplete,0,4 WIDE,JET 93,,,,,,,,24,28,-4,1,0
,86,D,3,2,37,Pass,Complete,7,THUNDER,62 FLORIDA,,,,,,,,24,28,-4,1,0
,87,D,1,10,30,Pass,Incomplete,0,4 WIDE,HITCH AND GO,,,,,,,,24,28,-4,1,0
,88,D,2,10,30,Pass,Incomplete,0,TRIPS RIGHT,92,,,,,,,,24,28,-4,1,0
,89,D,3,10,30,,Timeout,0,,,,,,,,,,24,28,-4,#N/A,0
,90,D,3,10,30,Pass,Complete,21,4 WIDE,50 ALL SEAM,,,,,,,,24,28,-4,1,1
,91,K,1,9,9,FG,Good,,,,,,,,,,,24,28,-4,#N/A,0
,92,K,,,,,,,,,,,,,,,,24,28,-4,#N/A,0
,93,O,1,10,,Pass,Complete,2,TRIPS LEFT,ROCKET,,4-Mar,0,,,,,24,28,-4,1,0
,94,O,2,8,,Pass,"Complete, TD",15,DOUBLES,50 CHINA SWITCH,,4-Mar,0,YES,,,,30,28,2,1,0
,95,K,0,,3,Extra Pt.,Good,,,,,,,,,,,31,28,3,#N/A,0
,96,K,0,,-40,KO,,,,,,,,,,,,31,28,3,#N/A,0
,97,D,1,10,-46,Pass,Incomplete,0,TIGER RIGHT,HITCH AND GO,,,,,,,,31,28,3,1,0
,98,D,2,10,-46,Pass,Incomplete,0,SINGLE WING,62 FLORIDA,,,,,,,,31,28,3,1,0
,99,D,3,10,-46,Pass,Complete,13,LIGHTNING,ALL HITCH,,,,,,,,31,28,3,1,0
,100,D,1,10,41,,Penalty,5,,,,,,,,,,31,28,3,#N/A,0
,101,D,1,5,36,Run,,4,WISHBONE,23 ISO,,,,,,,,31,28,3,0,0
,102,D,2,1,32,Run,,3,WISHBONE,FB Dive,,,,,,,,31,28,3,0,0
,103,D,1,10,29,Run,,4,WISHBONE,27 POWER,,,,,,,,31,28,3,0,0
,104,D,2,6,25,Run,,7,SLOTS,24 ISO,,,,,,,,31,28,3,0,0
,105,D,1,10,18,Run,,3,THUNDER,14 SINGLE OMAHA,,,,,,,,31,28,3,0,0
,106,D,2,7,15,Pass,"Complete, TD",15,THUNDER,93,,,,,,,,31,34,-3,1,0
,107,K,0,,3,Extra Pt. Block,,,,,,,,,,,,31,35,-4,#N/A,0
,108,K,0,,-40,KO Rec,,,,,,,,,,,,31,35,-4,#N/A,0
,109,O,1,10,,Run,,2,LION,19,,5-2 TNT,0,,,,,31,35,-4,0,0
,110,O,1,10,,Pass,Complete,5,SLOTS,62 FLORIDA,,4-Mar,0,,,,,31,35,-4,1,0
,111,O,2,5,,Run,,-1,SLOTS,10 DOUBLE OMAHA,,4-Mar,0,,,,,31,35,-4,0,0
,112,O,3,6,,Pass,Incomplete,0,SLOTS,50 PHILLY SHALLOW,,5-2 TNT,0,,,,,31,35,-4,1,0
,113,O,4,6,,Pass,Complete,16,SLOTS,62 FLORIDA F DELAY,,5-2 TNT,0,,FLUTTER,,,31,35,-4,1,0
,114,O,1,10,,,Penalty,-5,,,,,,,,,,31,35,-4,#N/A,0
,115,O,1,15,,Pass,Interception,,DOUBLES,218 Z SEAM X DIG,,5-2 TNT,0,,,,,31,35,-4,1,0
,116,D,1,10,-20,Run,,-1,OPEN LEFT,JET 36 COUNTER,,,,,,,,31,35,-4,0,0
,117,D,2,11,-19,Run,Penalty,-10,OVER RIGHT,JET 18,,,,,,,,31,35,-4,0,0
,118,D,2,21,-9,Pass,Incomplete,0,THUNDER,JET 93,,,,,,,,31,35,-4,1,0
,119,D,3,21,-9,,Timeout,0,,,,,,,,,,31,35,-4,#N/A,0
,120,D,3,21,-9,Pass,"Complete, TD",91,4 WIDE,93,,,,,,,,31,41,-10,1,1
,121,K,0,,3,Extra Pt. Block,,,,,,,,,,,,31,42,-11,#N/A,0
,122,K,,,,,,,,,,,,,,,,31,42,-11,#N/A,0
,123,O,1,10,,Pass,Incomplete,0,DOUBLE WING LEFT,419,,4-Mar,0,,FLUTTER,,,31,42,-11,1,0
,124,O,2,10,,Run,,8,4 WIDE,10 DOUBLE OMAHA,,4-Mar,0,,,,,31,42,-11,0,0
,125,O,3,2,,Run,,-10,4 WIDE,18 LEAD OMAHA,,4-Mar,0,,,,,31,42,-11,0,0
,126,K,4,12,,Punt,,,,,,,,,,,,31,42,-11,#N/A,0
,127,D,1,10,-20,Pass,Incomplete,0,4 WIDE,4 WIDE,,,,,,,,31,42,-11,1,0
,128,D,2,10,-20,Run,,16,4 WIDE,JET 26 QB POWER READ,,,,,,,,31,42,-11,0,1
,129,D,1,10,-36,Run,,1,THUNDER,24 ISO,,,,,,,,31,42,-11,0,0
,130,D,2,9,-37,Pass,Complete,13,4 WIDE,91,,,,,,,,31,42,-11,1,0
,131,D,1,10,50,Pass,Incomplete,0,THUNDER,HITCH AND GO,,,,,,,,31,42,-11,1,0
,132,D,2,10,50,Run,,12,LIGHTNING OVER,JET 19,,,,,,,,31,42,-11,0,0
,133,D,1,10,38,Pass,Complete,30,THUNDER,Z POST,,,,,,,,31,42,-11,1,1
,134,D,1,8,8,Pass,"Complete, TD",8,LIGHTNING,91,,,,,,,,31,48,-11,1,0
,135,K,0,,3,Extra Pt. Block,Good,,,,,,,,,,,31,49,-11,#N/A,0
,136,K,0,,-40,KO Rec,,,,,,,,,,,,31,49,-11,#N/A,0
,137,O,1,10,,Pass,Complete,4,4 WIDE,91,,2-Apr,1,,,,,31,49,-11,1,0
,138,O,2,6,,Run,,4,4 WIDE,15 DOUBLE OMAHA,,2-Apr,1,,,,,31,49,-11,0,0
,139,O,3,2,,Run,,0,4 WIDE,18,,4-Mar,1,,FLUTTER,,,31,49,-11,0,0
,140,O,4,2,,Pass,"Complete, TD",68,SLOTS,ZOMBIE 419,,4-Mar,1,,,,,37,49,-11,1,1
,141,K,0,,3,Extra Pt.,Good,,,,,,,,,,,38,49,-11,#N/A,0
,142,K,0,,-40,KO,,,,,,,,,,,,38,49,-11,#N/A,0
,143,D,1,10,-35,Pass,Complete,18,LIGHTNING,91,,,,,,,,38,49,-11,1,0
,144,D,1,10,47,Pass,Incomplete,0,4 WIDE,ALL HITCH,,,,,,,,38,49,-11,1,0
,145,D,2,10,47,Pass,Complete,4,LIGHTNING,91,,,,,,,,38,49,-11,1,0
,146,D,3,6,43,Run,,7,LIGHTNING,27 QB POWER READ,,,,,,,,38,49,-11,0,0
,147,D,1,10,36,Pass,Sack,-1,THUNDER,JUMP PASS,,,,,,,,38,49,-11,1,0
,148,D,2,11,37,Run,,5,OPEN LEFT,37 COUNTER,,,,,,,,38,49,-11,0,0
,149,D,3,6,32,,Penalty,-5,,,,,,,,,,38,49,-11,#N/A,0
,150,D,3,11,37,Pass,Complete,12,OPEN LEFT,50 CHINA,,,,,,,,38,49,-11,1,0
,151,D,1,10,25,Run,,6,WISHBONE,23 ISO,,,,,,,,38,49,-11,0,0
,152,D,2,4,19,Run,,2,WISHBONE,27 POWER,,,,,,,,38,49,-11,0,0
,153,D,3,1,17,Run,,4,WISHBONE,FB Dive,,,,,,,,38,49,-11,0,0
,154,D,1,10,13,Run,,6,WISHBONE,27 DOUBLE DIVE,,,,,,,,38,49,-11,0,0
,155,D,2,6,8,Run,,4,WISHBONE,30 TRAP,,,,,,,,38,49,-11,0,0
,156,D,3,2,4,Run,,2,WISHBONE,FB Dive,,,,,,,,38,49,-11,0,0
,157,D,1,2,2,Run,TD,2,WISHBONE,FB Dive,,,,,,,,38,55,-17,0,0
,158,K,1,10,0,Extra Pt. Block,Good,,,,,,,,,,,38,56,-18,#N/A,0
,159,K,0,,-40,KO Rec,,,,,,,,,,,,38,56,-18,#N/A,0
,160,O,1,10,,,,,,,,,,,,,,38,56,-18,#N/A,0
,161,O,1,10,,Run,,3,SLOTS,18,,2-Apr,1,,FLUTTER,,,38,56,-18,0,0
,162,O,2,7,,Run,,-4,,,,,,,,,,38,56,-18,0,0
,163,O,3,11,,Run,,2,SLOTS,19 QB,,2-Apr,1,,,,,38,56,-18,0,0
,164,S,,,,,,,,,,,,,,,,,,,#N/A,0
,1,K,,,,,,,,,,,,,,,,0,0,0,#N/A,0
,2,O,,,,,,,,,,,,,,,,0,0,0,1,0
,3,O,,,,,,,,,,,,,,,,0,0,0,0,0
,4,O,,,,,,,,,,,,,,,,0,0,0,0,0
,5,K,,,,,,,,,,,,,,,,0,0,0,#N/A,0
,6,D,1,10,-46,Pass,Complete,20,WISHBONE,RB CHECKDOWN,,,,,,,,0,0,0,0,0
,7,D,1,10,34,Run,,2,THUNDER,37 QB COUNTER,,,,,,,,0,0,0,1,0
,8,D,2,8,32,Pass,Incomplete,0,THUNDER,93,,,,,,,,0,0,0,0,1
,9,D,3,8,32,Pass,TD,32,THUNDER,62 FLORIDA,,,,,,,,0,6,-6,1,0
,10,K,1,10,0,Extra Pt. Block,,,,,,,,,,,,0,7,-7,0,0
,11,S,,,,,,,,,,,,,,,,0,7,-7,1,0
,12,K,0,,-40,KO Rec,,,,,,,,,,,,0,7,-7,0,0
,13,O,,,,,,,,,,,,,,,,0,7,-7,#N/A,0
,14,O,,,,,,,,,,,,,,,,0,7,-7,#N/A,0
,15,O,,,,,,,,,,,,,,,,0,7,-7,0,0
,16,O,,,,,,,,,,,,,,,,0,7,-7,1,0
,17,O,,,,,,,,,,,,,,,,0,7,-7,1,1
,18,O,,,,,,,,,,,,,,,,0,7,-7,#N/A,0
,19,O,,,,,,,,,,,,,,,,0,7,-7,#N/A,0
,20,O,,,,,,,,,,,,,,,,0,7,-7,#N/A,0
,21,K,,,,,,,,,,,,,,,,0,7,-7,#N/A,0
,22,,,,,,,,,,,,,,,,,0,7,-7,0,0
,23,D,1,5,-25,Run,,11,SINGLE WING,QB 18,,,,,,,,0,7,-7,0,0
,24,D,1,10,-36,Run,,1,SINGLE WING,FB Dive,,,,,,,,0,7,-7,1,1
,25,D,2,9,-37,,Timeout,0,,,,,,,,,,0,7,-7,0,0
,26,D,2,9,-37,Pass,Incomplete,0,4 WIDE,93,,,,,,,,0,7,-7,0,0
,27,D,3,9,-37,Run,,-17,SLOTS,19 LEAD OMAHA,,,,,,,,0,7,-7,0,0
,28,K,4,26,-20,,,,,,,,,,,,,0,7,-7,1,0
,29,O,,,,,,,,,,,,,,,,0,7,-7,#N/A,0
,30,O,,,,,,,,,,,,,,,,0,7,-7,#N/A,0
,31,O,,,,,,,,,,,,,,,,0,7,-7,0,0
,32,O,,,,,,,,,,,,,,,,0,7,-7,1,0
,33,O,,,,,,,,,,,,,,,,0,7,-7,0,0
,34,O,,,,,,,,,,,,,,,,0,7,-7,0,0
,35,O,,,,,,,,,,,,,,,,0,7,-7,1,0
,36,S,,,,,,,,,,,,,,,,0,7,-7,0,0
,37,O,,,,,,,,,,,,,,,,0,7,-7,0,0
,38,D,1,10,-42,Pass,Incomplete,0,4 WIDE,Z POST,,,,,,,,0,7,-7,0,0
,39,D,2,10,-42,Pass,Incomplete,0,4 WIDE,93,,,,,,,,0,7,-7,0,0
,40,D,3,10,-42,Pass,Complete,27,4 WIDE,50 CHINA,,,,,,,,0,7,-7,0,0
,41,D,1,10,31,Run,,7,THUNDER,QB SCRAMBLE,,,,,,,,0,7,-7,0,0
,42,D,2,3,24,Run,Fumble,0,4 WIDE,,,,,,,,,0,7,-7,0,0
,43,O,1,10,-24,,,,,,,,,,,,,0,7,-7,0,0
,44,O,,,,,,,,,,,,,,,,0,7,-7,#N/A,0
,45,O,,,,,,,,,,,,,,,,0,7,-7,#N/A,0
,46,O,,,,,,,,,,,,,,,,0,7,-7,#N/A,0
,47,K,,,,,,,,,,,,,,,,0,7,-7,1,0
,48,D,1,10,-32,Run,,7,2X2 SLOTS TE,JET 18,,,,,,,,0,7,-7,0,0
,49,D,2,3,-39,Run,,13,2X2 SLOTS TE,JET 19,,,,,,,,0,7,-7,0,0
,50,D,1,10,48,Pass,Complete,38,4 WIDE,93,,,,,,,,0,7,-7,0,0
,51,D,1,10,10,Pass,Complete,4,4 WIDE,91,,,,,,,,0,7,-7,1,1
,52,D,2,6,6,Run,,1,WISHBONE,27 DOUBLE DIVE,,,,,,,,0,7,-7,#N/A,0
,53,D,3,5,5,Pass,Incomplete,5,THUNDER,JUMP PASS,,,,,,,,0,7,-7,#N/A,0
,54,K,4,5,5,FG Block,Good,,,,,,,,,,,0,10,-10,0,0
,55,K,0,,-40,KO Rec,,,,,,,,,,,,0,10,-10,1,1
,56,O,1,10,,,,,,,,,,,,,,0,10,-10,1,1
,57,O,,,,,,,,,,,,,,,,0,10,-10,#N/A,0
,58,O,,,,,,,,,,,,,,,,0,10,-10,#N/A,0
,59,O,,,,,,,,,,,,,,,,0,10,-10,0,0
,60,O,,,,,,,,,,,,,,,,0,10,-10,0,0
,61,O,,,,,,,,,,,,,,,,0,10,-10,1,0
,62,K,,,,,,,,,,,,,,,,0,10,-10,0,0
,63,K,,,,,,,,,,,,,,,,0,10,-10,1,0
,64,D,1,10,-20,Run,,2,LIGHTNING,JET 27 QB POWER READ,,,,,,,,0,10,-10,1,0
,65,D,2,8,-22,Pass,Incomplete,0,LIGHTNING,CURL/SEAM,,,,,,,,0,10,-10,1,0
,66,D,3,8,-22,Pass,Complete,6,LIGHTNING,92,,,,,,,,0,10,-10,1,0
,67,K,4,1,-29,,,,,,,,,,,,,0,10,-10,0,0
,68,O,,,,,,,,,,,,,,,,0,10,-10,#N/A,0
,69,O,,,,,,,,,,,,,,,,0,10,-10,0,0
,70,O,,,,,,,,,,,,,,,,0,10,-10,#N/A,0
,71,K,,,,,,,,,,,,,,,,0,10,-10,0,0
,72,K,,,,,,,,,,,,,,,,0,10,-10,#N/A,0
,73,O,,,,,,,,,,,,,,,,0,10,-10,0,0
,74,S,,,,,,,,,,,,,,,,0,10,-10,0,0
,75,K,,,,,,,,,,,,,,,,0,10,-10,1,0
,76,D,1,10,-20,Run,,-5,SINGLE WING,QB 19,,,,,,,,0,10,-10,1,0
,77,D,2,15,-15,Run,,5,THUNDER,14 SINGLE OMAHA,,,,,,,,0,10,-10,0,0
,78,D,3,10,-20,Pass,Complete,11,THUNDER,62 FLORIDA,,,,,,,,0,10,-10,#N/A,0
,79,D,1,10,-31,Run,,4,SINGLE WING,WING COUNTER,,,,,,,,0,10,-10,#N/A,0
,80,D,2,6,-35,Run,,-5,SINGLE WING,BAD SNAP,,,,,,,,0,10,-10,1,1
,81,D,2,11,-30,Pass,Incomplete,0,4 WIDE,JET 93,,,,,,,,0,10,-10,#N/A,0
,82,D,3,11,-30,Pass,Complete,28,EMPTY,JET 50 CHINA,,,,,,,,0,10,-10,#N/A,0
,83,D,1,10,42,Run,,3,TRIPS LEFT,27 QB POWER READ,,,,,,,,0,10,-10,0,0
,84,D,2,7,39,Pass,"Complete, TD",39,TRIPS LEFT,BACKSIDE POST,,,,,,,,0,16,-16,1,0
,85,K,1,10,0,Extra Pt. Block,Good,,,,,,,,,,,0,17,-17,1,0
,86,K,0,,-40,KO Rec,,,,,,,,,,,,0,17,-17,1,0
,87,O,1,10,,,,,,,,,,,,,,0,17,-17,1,0
,88,O,,,,,,,,,,,,,,,,0,17,-17,1,0
,89,O,,,,,,,,,,,,,,,,0,17,-17,#N/A,0
,90,O,,,,,,,,,,,,,,,,0,17,-17,1,1
,91,K,,,,,,,,,,,,,,,,0,17,-17,#N/A,0
,92,D,1,10,-32,Run,,24,LION,15 SINGLE OMAHA,,,,,,,,0,17,-17,#N/A,0
,93,D,1,10,44,Run,,4,THUNDER,JET 27 QB POWER READ,,,,,,,,0,17,-17,1,0
,94,D,2,6,40,Run,Sack,-10,TRIPS RIGHT,,,,,,,,,0,17,-17,1,0
,95,D,3,16,50,Pass,Complete,35,EMPTY,JET 50 CHINA,,,,,,,,0,17,-17,#N/A,0
,96,D,1,10,15,Pass,Incomplete,0,4 WIDE,50 ALL SEAM,,,,,,,,0,17,-17,#N/A,0
,97,D,2,10,15,Run,,1,SLOTS,31 TRAP,,,,,,,,0,17,-17,1,0
,98,D,3,9,14,Pass,"Complete, TD",14,4 WIDE,50 ALL SEAM,,,,,,,,0,23,-23,1,0
,99,K,1,10,0,Extra Pt.,Good,,,,,,,,,,,0,24,-24,1,0
,100,S,,,,,,,,,,,,,,,,0,24,-24,#N/A,0
,101,K,0,,-40,KO,,,,,,,,,,,,0,24,-24,0,0
,102,O,1,10,,,,,,,,,,,,,,0,24,-24,0,0
,103,O,,,,,,,,,,,,,,,,0,24,-24,0,0
,104,O,,,,,,,,,,,,,,,,0,24,-24,0,0
,105,D,1,10,40,Pass,"Complete, Fumble",35,EMPTY,50 ALL SEAM,,,,,,,,0,24,-24,0,0
,106,O,1,10,-5,,,,,,,,,,,,,0,24,-24,1,0
,107,O,,,,,,,,,,,,,,,,0,24,-24,#N/A,0
,108,O,,,,,,,,,,,,,,,,0,24,-24,#N/A,0
,109,O,,,,,,,,,,,,,,,,0,24,-24,0,0
,110,K,,,,,,,,,,,,,,,,0,24,-24,1,0
,111,D,1,10,40,Run,,7,LIGHTNING,QB 36 COUNTER,,,,,,,,0,24,-24,0,0
,112,D,2,3,33,Pass,"Complete, TD",33,THUNDER,JUMP PASS,,,,,,,,0,30,-30,1,0
,113,K,0,,3,Extra Pt.,Good,,,,,,,,,,,0,31,-31,1,0
,114,K,0,,-40,KO,,,,,,,,,,,,0,31,-31,#N/A,0
,115,O,1,10,,,,,,,,,,,,,,0,31,-31,1,0
,116,O,,,,,,,,,,,,,,,,0,31,-31,0,0
,117,O,,,,,,,,,,,,,,,,0,31,-31,0,0
,118,O,,,,,,,,,,,,,,,,0,31,-31,1,0
,119,O,,,,,,,,,,,,,,,,0,31,-31,#N/A,0
,120,K,,,,,,,,,,,,,,,,0,31,-31,1,1
,121,D,1,10,-14,Run,,9,THUNDER,24 ISO,,,,,,,,0,31,-31,#N/A,0
,122,D,2,1,-15,Run,,60,LIGHTNING,25 ISO,,,,,,,,0,31,-31,#N/A,0
,123,D,1,10,25,Run,,-2,OPEN LEFT,JET 37 COUNTER,,,,,,,,0,31,-31,1,0
,124,D,2,12,27,Run,,9,OPEN RIGHT,JET 19,,,,,,,,0,31,-31,0,0
,125,D,3,3,18,Run,,12,ROAR,14 SINGLE OMAHA,,,,,,,,0,31,-31,0,0
,126,D,1,10,6,Run,TD,6,LION,25 ISO,,,,,,,,0,37,-37,#N/A,0
,127,K,0,,3,Extra Pt.,Good,,,,,,,,,,,0,38,-38,1,0
,128,S,,,,,,,,,,,,,,,,0,38,-38,0,1
,129,K,0,,-40,KO,,,,,,,,,,,,0,38,-38,0,0
,130,O,1,10,,,,,,,,,,,,,,0,38,-38,1,0
,131,O,,,,,,,,,,,,,,,,0,38,-38,1,0
,132,O,,,,,,,,,,,,,,,,0,38,-38,0,0
,133,O,,,,,,,,,,,,,,,,0,38,-38,1,1
,134,K,,,,,,,,,,,,,,,,0,38,-38,1,0
,135,D,1,10,-11,Run,,-2,THUNDER,24 ISO,,,,,,,,0,38,-38,#N/A,0
,136,D,2,12,-9,Run,,1,OPEN LEFT,JET 18,,,,,,,,0,38,-38,#N/A,0
,137,D,3,11,-10,Run,,10,THUNDER,QB SCRAMBLE,,,,,,,,0,38,-38,1,0
,138,D,1,10,-20,Run,,0,LIGHTNING,25 ISO,,,,,,,,0,38,-38,0,0
,139,D,2,10,-20,Run,,-5,OPEN RIGHT,JET 18,,,,,,,,0,38,-38,0,0
,140,D,3,15,-15,Run,,1,THUNDER,24 ISO,,,,,,,,0,38,-38,1,1
,141,K,4,14,-16,,,,,,,,,,,,,,,,#N/A,0
,142,O,,,,,,,,,,,,,,,,,,,#N/A,0
,143,O,,,,,,,,,,,,,,,,,,,1,0
,1,K,,,,,,,,,,,,,,,,0,0,0,1,0
,2,O,,,,Run,,,Pro,,,,,,,,,0,0,0,1,0
,3,O,,,,Run,,,Pro,,,,,,,,,0,0,0,0,0
,4,O,,,,Pass,,,Pro,,,,,,,,,0,0,0,1,0
,5,K,,,,,,,,,,,,,,,,0,0,0,0,0
,6,D,1,10,35,Run,,15,4 WIDE,JET 18,,,,,,,,0,0,0,#N/A,0
,7,D,1,10,20,Pass,"Complete, TD",20,OPEN RIGHT,JET 93,,,,,,,,0,6,-6,1,0
,8,K,0,,3,Extra Pt. Block,Good,,,,,,,,,,,0,7,-7,0,0
,9,D,0,,-40,2 Pt.,,,,,,,,,,,,0,7,-7,0,0
,10,S,,,,,,,,,,,,,,,,0,7,-7,0,0
,11,K,,,,,,,,,,,,,,,,0,7,-7,0,0
,12,O,,,,Run,,,Pro,,,,,,,,,0,7,-7,0,0
,13,O,,,,Pass,,,Pro,,,,,,,,,0,7,-7,0,0
,14,O,,,,Run,,,3X1 TRIPS SPLIT,,,,,,,,,0,7,-7,0,0
,15,K,,,,,,,,,,,,,,,,0,7,-7,#N/A,0
,16,D,1,10,47,Run,,12,LIGHTNING,F REVERSE,,,,,,,,0,7,-7,#N/A,0
,17,D,1,10,35,,Penalty,5,,,,,,,,,,0,7,-7,#N/A,0
,18,D,2,5,30,Run,,24,4 WIDE,JET 19,,,,,,,,0,7,-7,0,0
,19,D,1,6,6,Run,,5,THUNDER,24 ISO,,,,,,,,0,7,-7,0,0
,20,D,2,1,1,Run,TD,1,LIGHTNING,15,,,,,,,,0,13,-13,0,0
,21,K,0,,3,Extra Pt. Block,Good,,,,,,,,,,,0,14,-14,#N/A,0
,22,S,,,,,,,,,,,,,,,,0,14,-14,#N/A,0
,23,K,0,,-40,KO Rec,,,,,,,,,,,,0,14,-14,0,0
,24,O,,,,Run,,,2X2 4 WIDE,,,,,,,,,0,14,-14,0,0
,25,O,,,,Run,,,Pro,,,,,,,,,0,14,-14,1,0
,26,O,,,,Pass,,,Pro,,,,,,,,,0,14,-14,#N/A,0
,27,D,1,10,25,Pass,Incomplete,0,4 WIDE,91 INVERT,,,,,,,,0,14,-14,0,1
,28,D,2,10,25,Run,,-1,OPEN LEFT,JET 37 COUNTER,,,,,,,,0,14,-14,1,1
,29,D,3,12,27,Pass,Incomplete,0,4 WIDE,ALL HITCH,,,,,,,,0,14,-14,#N/A,0
,30,D,4,12,27,Pass,Incomplete,0,4 WIDE,JET 50 ALL SEAM,,,,,,,,0,14,-14,#N/A,0
,31,O,1,10,-27,Run,,,Pro,,,,,,,,,0,14,-14,#N/A,0
,32,O,,,,Run,,,Pro,,,,,,,,,0,14,-14,#N/A,0
,33,O,,,,Pass,,,3X1 TRIPS SPLIT,,,,,,,,,0,14,-14,0,0
,34,K,,,,,,,,,,,,,,,,0,14,-14,1,0
,35,D,1,10,41,Pass,"Complete, TD",41,THUNDER,50 CHINA,,,,,,,,0,20,-20,0,0
,36,K,0,,3,Extra Pt. Block,Good,,,,,,,,,,,0,21,-21,#N/A,0
,37,S,,,,,,,,,,,,,,,,0,21,-21,0,0
,38,K,0,,-40,KO Rec,,,,,,,,,,,,0,21,-21,#N/A,0
,39,O,,,,Run,,,3X1 TRIPS SPLIT,,,,,,,,,0,21,-21,0,1
,40,O,,,,Pass,,,3X1 TRIPS TITE,,,,,,,,,0,21,-21,0,0
,41,O,,,,Run,,,3X1 TRIPS SPLIT,,,,,,,,,0,21,-21,0,0
,42,S,,,,,,,,,,,,,,,,0,21,-21,#N/A,0
,43,O,,,,Pass,,,2X2 4 WIDE,,,,,,,,,0,21,-21,#N/A,0
,44,D,1,10,32,Pass,Incomplete,0,4 WIDE,,,,,,,,,0,21,-21,#N/A,0
,45,D,2,10,32,Run,Penalty,0,,,,,,,,,,0,21,-21,0,0
,46,D,2,10,32,Pass,Complete,12,TROJAN LEFT,PA FLOOD,,,,,,,,0,21,-21,0,0
,47,D,1,10,20,Pass,Complete,10,THUNDER,62 FLORIDA,,,,,,,,0,21,-21,1,0
,48,D,1,10,10,Run,TD,10,LIGHTNING,25 ISO,,,,,,,,0,27,-27,1,0
,49,K,0,,3,Extra Pt. Block,,,,,,,,,,,,0,28,-28,0,0
,50,K,0,,-40,KO Rec,,,,,,,,,,,,0,28,-28,1,0
,51,S,,,,,,,,,,,,,,,,0,28,-28,1,0
,52,K,,,,,,,,,,,,,,,,0,28,-28,0,0
,53,O,,,,Pass,,,EMPTY,,,,,,,,,0,28,-28,0,0
,54,O,,,,Run,,,2X2 4 WIDE,,,,,,,,,0,28,-28,1,0
,55,O,,,,Pass,,,2X2 4 WIDE,,,,,,,,,0,28,-28,#N/A,0
,56,K,,,,,,,,,,,,,,,,0,28,-28,1,1
,57,D,1,10,5,Run,,0,WISHBONE,25 ISO,,,,,,,,0,28,-28,#N/A,0
,58,D,2,10,5,Pass,Penalty,-5,THUNDER,JUMP PASS,,,,,,,,0,28,-28,#N/A,0
,59,D,2,10,10,Pass,"Complete, TD",10,4 WIDE,50 CHINA,,,,,,,,0,34,-34,#N/A,0
,60,K,0,,3,Extra Pt. Block,,,,,,,,,,,,0,35,-35,0,0
,61,S,,,,,,,,,,,,,,,,0,35,-35,1,0
,62,K,0,,-40,KO Rec,,,,,,,,,,,,0,35,-35,0,0
,63,O,,,,Run,,,3X1 TRIPS SPLIT,,,,,,,,,0,35,-35,#N/A,0
,64,O,,,,Pass,,,3X1 TRIPS SPLIT,,,,,,,,,0,35,-35,1,0
,65,O,,,,Run,,,3X1 TRIPS SPLIT,,,,,,,,,0,35,-35,1,0
,66,K,,,,,,,,,,,,,,,,0,35,-35,0,0
,67,D,1,10,30,Pass,Incomplete,0,TRIPS LEFT,BUBBLE,,,,,,,,0,35,-35,1,0
,68,D,2,10,30,Pass,Complete,17,4 WIDE,92,,,,,,,,0,35,-35,1,0
,69,D,1,10,13,Pass,Penalty,6,,,,,,,,,,0,35,-35,0,0
,70,D,1,10,6,Pass,Incomplete,0,4 WIDE,ALL HITCH,,,,,,,,0,35,-35,#N/A,0
,71,D,2,6,6,Pass,"Complete, TD",6,THUNDER,93,,,,,,,,0,41,-41,#N/A,0
,72,K,0,,3,Extra Pt. Block,Good,,,,,,,,,,,0,42,-42,#N/A,0
,73,S,,,,,,,,,,,,,,,,0,42,-42,#N/A,0
,74,K,0,,-40,KO Rec,,,,,,,,,,,,0,42,-42,1,0
,75,O,,,,Run,,,2X2 TWINS TITE SPLIT,,,,,,,,,0,42,-42,0,0
,76,O,,,,Run,,,2X2 TWINS TITE SPLIT,,,,,,,,,0,42,-42,1,0
,77,O,,,,,,,,,,,,,,,,0,42,-42,#N/A,0
,78,O,,,,Run,,,2X1 PRO W WING,,,,,,,,,0,42,-42,0,0
,79,O,,,,Run,,,2X1 PRO W WING,,,,,,,,,0,42,-42,1,0
,80,O,,,,Run,,,2X1 PRO W WING,,,,,,,,,0,42,-42,1,0
,81,S,,,,,,,,,,,,,,,,0,42,-42,#N/A,0
,82,K,,,,,,,,,,,,,,,,0,42,-42,#N/A,0
,83,D,1,10,-37,Run,,-2,THUNDER,F REVERSE,,,,,,,,0,42,-42,#N/A,0
,84,D,2,12,-35,Run,,10,THUNDER,QB 37 COUNTER,,,,,,,,0,42,-42,0,0
,85,D,3,2,-45,Run,,6,THUNDER,24 ISO,,,,,,,,0,42,-42,1,0
,86,D,1,10,49,Run,,37,LIGHTNING,25 ISO,,,,,,,,0,42,-42,0,0
,87,D,1,10,12,Run,TD,12,LIGHTNING,25 ISO,,,,,,,,0,48,-48,#N/A,0
,88,K,0,,3,Extra Pt. Block,,,,,,,,,,,,0,49,-49,1,0
,89,K,0,,-40,KO Rec,,,,,,,,,,,,0,49,-49,1,0
,90,S,,,,,,,,,,,,,,,,0,49,-49,1,0
,91,K,1,10,,,,,,,,,,,,,,0,49,-49,1,0
,92,O,,,,Pass,,,2X2 4 WIDE,,,,,,,,,0,49,-49,1,0
,93,O,,,,Pass,,,2X2 4 WIDE,,,,,,,,,0,49,-49,#N/A,0
,94,O,,,,Pass,,,2X2 4 WIDE,,,,,,,,,0,49,-49,#N/A,0
,95,O,,,,Run,,,2X2 4 WIDE,,,,,,,,,0,49,-49,#N/A,0
,96,O,,,,Run,,,2X2 4 WIDE,,,,,,,,,0,49,-49,0,0
,97,O,,,,Pass,,,2X2 4 WIDE,,,,,,,,,0,49,-49,0,0
,98,O,,,,Pass,,,3X1 TRIPS SPLIT,,,,,,,,,0,49,-49,#N/A,0
,99,O,,,,Pass,,,3X1 TRIPS SPLIT,,,,,,,,,0,49,-49,0,0
,100,S,,,,,,,,,,,,,,,,0,49,-49,0,0
,101,D,1,10,-44,Run,,17,4 WIDE,18 JET,,,,,,,,0,49,-49,0,0
,102,D,1,10,39,Run,,8,4 WIDE,19 JET,,,,,,,,0,49,-49,#N/A,0
,103,D,2,2,31,Run,,3,THUNDER,24 ISO,,,,,,,,0,49,-49,#N/A,0
,104,D,1,10,28,Run,,2,THUNDER,24 QB ISO,,,,,,,,0,49,-49,0,0
,105,D,2,8,26,Run,,1,4 WIDE,JET 26 QB POWER READ,,,,,,,,0,49,-49,0,0
,106,D,3,7,25,Run,,-4,THUNDER,JET 19,,,,,,,,0,49,-49,0,0
,107,D,4,11,29,Pass,TD,29,4 WIDE,93,,,,,,,,0,55,-55,0,1
,108,K,0,,3,Extra Pt. Block,,,,,,,,,,,,0,56,-56,0,0
,109,K,,,,,,,,,,,,,,,,0,56,-56,#N/A,0
,110,O,,,,Run,,,2X2 4 WIDE,,,,,,,,,0,56,-56,#N/A,0
,111,O,,,,Run,,,2X2 4 WIDE,,,,,,,,,0,56,-56,#N/A,0
,112,O,,,,Pass,,,2X2 4 WIDE,,,,,,,,,0,56,-56,#N/A,0
,113,O,,,,Pass,,,2X2 4 WIDE,,,,,,,,,0,56,-56,1,0
,114,S,,,,,,,,,,,,,,,,0,56,-56,1,0
,2,,,,,,,,,,,,,,,,,0,0,0,1,0
,3,K,,,,,,,,,,,,,,,,0,0,0,0,0
,4,O,1,10,,Run,,1,SLOTS RIGHT,19 LEAD OMAHA,,2-Apr,0,,,,,0,0,0,0,0
,5,O,2,9,,Run,,2,SLOTS RIGHT,30 TRAP,,2-Apr,0,,,,,0,0,0,1,0
,6,O,3,8,,Run,,-3,HEAVY RIGHT,BLAST RIGHT,,2-Apr,0,,,,,0,0,0,1,0
,7,K,4,11,,Punt,,,,,,,,,,,,0,0,0,1,0
,8,D,1,10,-47,Run,,32,THUNDER,24 ISO,,,,,,,,0,0,0,#N/A,0
,9,D,1,10,21,Run,TD,21,TWINS LEFT WING RIGHT,37 QB COUNTER,,,,,,,,0,6,-6,0,1
,10,K,0,,3,Extra Pt. Block,,,,,,,,,,,,0,7,-7,0,0
,11,K,0,,-40,KO Rec,,,,,,,,,,,,0,7,-7,0,0
,12,O,1,10,,Run,,2,PRO RIGHT WING LEFT,10 DOUBLE OMAHA,,2-Apr,0,,,,,0,7,-7,0,0
,13,O,2,9,,Run,,4,SLOTS RIGHT,18 LEAD OMAHA,,2-Apr,0,,,,,0,7,-7,0,0
,14,O,3,4,,Run,,4,SLOTS RIGHT,14 DOUBLE OMAHA,,2-Apr,0,,,,,0,7,-7,0,0
,15,O,1,10,,Run,,26,DOUBLES RIGHT,15 DOUBLE OMAHA,,2-Apr,0,,,,,0,7,-7,1,1
,16,O,1,10,,Run,,1,DOUBLES RIGHT,15,,2-Apr,0,,,,,0,7,-7,#N/A,0
,17,O,2,9,,Run,,-11,DOUBLES RIGHT,19 LEAD OMAHA,,2-Apr,0,,,,,0,7,-7,#N/A,0
,18,O,3,20,,Pass,Complete,27,SLOTS RIGHT,91,,2-Apr,0,,,,,0,7,-7,0,0
,19,O,1,10,,Run,,5,DOUBLES RIGHT,31 TRAP,,2-Apr,0,,ZOOM,,,0,7,-7,0,0
,20,O,2,5,,Run,,-5,DOUBLES RIGHT,18 SPEED OMAHA,,2-Apr,0,,,,,0,7,-7,1,0
,21,O,3,10,,Run,,-3,DOUBLES RIGHT,,,,,,,,,0,7,-7,1,0
,22,O,4,13,,Pass,Interception,,SLOTS RIGHT,50 SLUGO,,2-Apr,0,,,,,0,7,-7,#N/A,0
,23,D,1,10,-10,Run,,14,THUNDER,Z REVERSE,,,,,,,,0,7,-7,#N/A,0
,24,D,1,10,-24,Run,,6,THUNDER,24 ISO,,,,,,,,0,7,-7,#N/A,0
,25,D,2,4,-30,,Penalty,-10,THUNDER,37 QB COUNTER,,,,,,,,0,7,-7,0,0
,26,D,2,14,-20,,Penalty,5,,,,,,,,,,0,7,-7,0,0
,27,D,2,9,-25,Pass,Incomplete,0,TWINS LEFT SPLIT,91,,,,,,,,0,7,-7,0,0
,28,D,3,9,-25,Run,,7,THUNDER,14 SINGLE OMAHA,,,,,,,,0,7,-7,#N/A,0
,29,O,1,10,-32,Run,,4,DOUBLES RIGHT,15,,2-Apr,0,,,,,0,7,-7,0,1
,30,O,2,6,-36,Run,,2,DOUBLES RIGHT,30 TRAP,,2-Apr,0,,ZOOM,,,0,7,-7,0,1
,31,O,3,4,,Run,,4,DOUBLES RIGHT,24 QB ISO,,2-Apr,0,,,,,0,7,-7,#N/A,0
,32,O,1,10,,Run,,11,DOUBLES RIGHT,QB SNEAK,,2-Apr,0,,,,,0,7,-7,#N/A,0
,33,O,1,10,,Run,,0,DOUBLES RIGHT,24 QB ISO,,2-Apr,0,,,,,0,7,-7,0,0
,34,O,2,10,,Run,,-2,DOUBLES RIGHT,15,,2-Apr,0,,,,,0,7,-7,0,0
,35,O,3,12,,Run,,3,DOUBLES RIGHT,15,,2-Apr,0,,FLOAT,,,0,7,-7,0,0
,36,K,4,9,,Punt,,,,,,,,,,,,0,7,-7,0,1
,37,D,1,10,-3,Run,,12,SLOTS,30 TRAP,,,,,,,,0,7,-7,0,0
,38,D,1,10,-15,,Fumble,,,,,,,,,,,0,7,-7,0,0
,39,O,1,10,,Run,,3,DOUBLES RIGHT,15,,2-Apr,0,,FLOAT,,,0,7,-7,1,1
,40,O,2,7,,Run,,4,DOUBLES RIGHT,15 DOUBLE OMAHA,,2-Apr,0,,FLOAT,,,0,7,-7,0,0
,41,O,3,3,,Run,,4,DOUBLES RIGHT,QB SNEAK,,2-Apr,0,,,,,0,7,-7,0,0
,42,O,1,10,,Run,,0,DOUBLES RIGHT,15,,2-Apr,0,,FLOAT,,,0,7,-7,0,0
,43,O,2,10,,Run,,1,DOUBLES RIGHT,14,,2-Apr,0,,FLOAT,,,0,7,-7,1,0
,44,O,3,9,,Run,,0,DOUBLES RIGHT,QB SNEAK,,2-Apr,0,,,,,0,7,-7,0,0
,45,O,4,9,,Run,TD,1,DOUBLES RIGHT,25 QB ISO,,2-Apr,0,,HOVER,,,6,7,-1,0,0
,46,O,0,,3,2 Pt.,Good,,,,,,,,,,,6,7,-1,#N/A,0
,47,K,,,,,,,,,,,,,,,,6,7,-1,#N/A,0
,48,D,1,10,-14,Run,,2,TWINS RIGHT SPLIT,24 ISO,,,,,,,,6,7,-1,1,0
,49,D,2,8,-16,Run,,-3,THUNDER,37 QB COUNTER,,,,,,,,6,7,-1,0,0
,50,D,3,11,-13,Run,TD,87,4 WIDE,JET 26 QB POWER READ,,,,,,,,6,13,-7,0,0
,51,K,0,,3,Extra Pt. Block,Good,,,,,,,,,,,6,14,-8,0,0
,52,K,0,,-40,KO Rec,,,,,,,,,,,,6,14,-8,0,0
,53,O,1,10,,Run,,1,DOUBLES RIGHT,14,,2-Apr,0,,FLOAT,,,6,14,-8,0,0
,54,O,2,9,,Run,,-4,DOUBLE WING LEFT,QB 19,,2-Apr,0,,,,,6,14,-8,0,0
,55,O,3,13,,Pass,Incomplete,0,DOUBLES RIGHT,218 Z SEAM X DIG,,2-Apr,0,,,,,6,14,-8,0,0
,56,K,4,13,,Punt,,,,,,,,,,,,6,14,-8,0,0
,57,D,1,10,33,,TD,33,SLOTS,Y REVERSE,,,,,,,,6,20,-14,#N/A,0
,58,K,0,,3,Extra Pt. Block,Penalty,1,,,,,,,,,,6,21,-15,0,0
,59,D,0,,2,2 Pt. Defend,Good,,,,,,,,,,,6,21,-15,#N/A,0
,60,K,,,,,,,,,,,,,,,,6,21,-15,0,0
,61,O,1,10,,Pass,Incomplete,0,DOUBLES RIGHT,50 ALL SEAM,,2-Apr,0,YES,,,,6,21,-15,0,0
,62,O,2,10,,Run,,0,DOUBLES RIGHT,31 TRAP,,2-Apr,0,,,,,6,21,-15,0,0
,63,O,3,10,,Pass,Incomplete,0,DOUBLES RIGHT,FOX 418,,2-Apr,0,,FLOAT,,,6,21,-15,0,0
,64,K,4,10,,Punt,,,,,,,,,,,,6,21,-15,0,0
,65,D,1,10,-27,Run,,8,5 WIDE,JET 26 QB POWER READ,,,,,,,,6,21,-15,0,0
,66,D,2,2,-35,Pass,Incomplete,0,TRIPS RIGHT,62 FLORIDA,,,,,,,,6,21,-15,0,0
,67,D,3,2,-35,Run,,8,THUNDER,24 ISO,,,,,,,,6,21,-15,#N/A,0
,68,D,1,10,-43,Run,,1,THUNDER,24 ISO,,,,,,,,6,21,-15,#N/A,0
,69,D,2,5,-44,Run,,15,SLOTS,18 JET,,,,,,,,6,21,-15,0,0
,70,D,1,10,41,,,6,,,,,,,,,,6,21,-15,0,0
,71,D,1,10,35,Pass,Incomplete,0,4 WIDE,JET 93,,,,,,,,6,21,-15,0,1
,72,D,2,10,35,Run,,18,4 WIDE,QB DRAW,,,,,,,,6,21,-15,#N/A,0
,73,D,1,10,17,Pass,Penalty,7,,,,,,,,,,6,21,-15,#N/A,0
,74,D,1,4,11,Pass,Incomplete,0,,,,,,,,,,6,21,-15,0,0
,75,K,2,4,11,,,,,,,,,,,,,6,21,-15,0,0
,76,D,1,10,-41,Run,,6,THUNDER,24 ISO,,,,,,,,6,21,-15,1,0
,77,D,2,4,-47,Run,,1,LIGHTNING,25 ISO,,,,,,,,6,21,-15,#N/A,0
,78,D,3,4,-48,Run,,7,LIGHTNING,15 SINGLE OMAHA,,,,,,,,6,21,-15,#N/A,0
,79,D,1,10,45,Run,,-1,4 WIDE,JET 18,,,,,,,,6,21,-15,#N/A,0
,80,D,2,11,46,Run,,4,4 WIDE,JET 26 QB POWER READ,,,,,,,,6,21,-15,#N/A,0
,81,D,3,7,42,Run,Fumble,,,,,,,,,,,6,21,-15,#N/A,0
,82,O,1,10,,Pass,Complete,27,DOUBLES RIGHT,218 Z SEAM X DIG,,2-Apr,0,,,,,6,21,-15,1,0
,83,O,1,10,,Run,,0,SLOTS RIGHT,19 QB,,2-Apr,0,,ZIP,,,6,21,-15,0,0
,84,O,2,10,,Run,,-2,DOUBLES RIGHT,BLAST RIGHT,,2-Apr,0,,FLOAT,,,6,21,-15,1,0
,85,O,3,12,,Run,,-2,SLOTS RIGHT,SpiDER MAN,,2-Apr,0,,,,,6,21,-15,#N/A,0
,86,O,4,14,,Pass,"Complete, TD",26,SLOTS RIGHT,62 FLORIDA F DELAY,,2-Apr,0,,FLUTTER,,,12,21,-9,0,0
,87,K,0,,3,Extra Pt.,Good,,,,,,,,,,,13,21,-8,1,0
,88,K,0,,-40,KO,,,,,,,,,,,,13,21,-8,0,0
,89,D,1,10,-33,Run,,-3,TWINS LEFT SPLIT,19,,,,,,,,13,21,-8,0,0
,90,D,2,13,-30,Run,,-2,OPEN LEFT,JET 19,,,,,,,,13,21,-8,0,1
,91,D,3,15,-28,Pass,Incomplete,0,4 WIDE,50 ALL SEAM,,,,,,,,13,21,-8,#N/A,0
,92,K,4,15,-28,Punt,,,,,,,,,,,,13,21,-8,1,0
,93,O,1,10,,,Fumble,,,,,,,,,,,13,21,-8,0,1
,94,D,1,10,45,Run,,17,ACE,15,,,,,,,,13,21,-8,1,0
,95,D,1,10,28,Run,,9,ACE,15,,,,,,,,13,21,-8,1,0
,96,D,2,1,19,,Timeout,-64,,,,,,,,,,13,21,-8,#N/A,0
,97,D,2,1,19,Run,,2,OPEN RIGHT,25 ISO,,,,,,,,13,21,-8,0,0
,98,D,1,10,17,Run,,2,THUNDER,14,,,,,,,,13,21,-8,0,0
,99,D,2,8,15,Run,,-1,THUNDER,QB 37 COUNTER,,,,,,,,13,21,-8,0,0
,100,D,3,9,16,Run,,14,4 WIDE,QB 27 POWER READ,,,,,,,,13,21,-8,0,0
,101,D,1,10,2,Run,TD,2,LIGHTNING,15 SINGLE OMAHA,,,,,,,,13,27,-14,0,0
,102,K,0,,3,Extra Pt. Block,,,,,,,,,,,,13,28,-15,0,0
,103,K,0,,-40,KO Rec,,,,,,,,,,,,13,28,-15,1,1
,104,O,1,10,,Run,,0,TRIPS LEFT,14 DOUBLE OMAHA,,2-Apr,0,,,,,13,28,-15,0,0
,105,O,2,10,,Run,,-3,TRIPS LEFT,18 QB,,2-Apr,0,,,,,13,28,-15,0,0
,106,O,3,13,,Pass,Incomplete,0,TRIPS LEFT,50 ALL SEAM,,2-Apr,0,,,,,13,28,-15,0,0
,107,K,4,13,,Punt,,,,,,,,,,,,13,28,-15,1,1
,108,K,1,10,,,,,,,,,,,,,,13,28,-15,#N/A,0
,109,D,1,10,-32,Run,,4,4 WIDE,JET 19,,,,,,,,13,28,-15,#N/A,0
,110,D,2,6,-36,Run,,21,SLOTS,30 TRAP,,,,,,,,13,28,-15,0,0
,111,D,1,10,43,Run,,3,TWINS RIGHT SPLIT,24 ISO,,,,,,,,13,28,-15,0,0
,112,D,2,7,40,Run,,2,TWINS LEFT SPLIT,25 ISO,,,,,,,,13,28,-15,1,0
,113,D,3,5,38,Run,,4,TROJAN RIGHT,JET 18,,,,,,,,13,28,-15,#N/A,0
,114,D,4,1,34,Run,,3,WISHBONE,FB Dive,,,,,,,,13,28,-15,#N/A,0
,115,D,1,10,31,Run,,1,TROJAN RIGHT,JET 18,,,,,,,,13,28,-15,0,1
,116,D,2,9,30,,Penalty,15,TWINS RIGHT SPLIT,18,,,,,,,,13,28,-15,0,0
,117,D,1,10,15,Run,,12,THUNDER,24 ISO,,,,,,,,13,28,-15,#N/A,0
,118,D,1,3,3,Run,TD,3,THUNDER,14,,,,,,,,13,34,-21,0,0
,119,D,0,3,3,Extra Pt. Block,,,,,,,,,,,,13,35,-22,0,0
,120,K,,,,,,,,,,,,,,,,13,35,-22,0,0
,121,O,1,10,,Run,,0,4 WIDE RIGHT,30 TRAP,,2-Apr,0,,,,,13,35,-22,0,0
,122,O,2,10,,Pass,Incomplete,0,4 WIDE RIGHT,91,,2-Apr,0,,,,,13,35,-22,0,0
,123,O,3,10,,Run,,4,4 WIDE RIGHT,24 QB DRAW,,2-Apr,0,,,,,13,35,-22,#N/A,0
,124,K,4,6,,Punt,,,,,,,,,,,,13,35,-22,#N/A,0
,125,D,1,10,-27,Run,,1,THUNDER,24 ISO,,,,,,,,13,35,-22,0,0
,126,D,2,9,-28,Run,,13,4 WIDE,JET 26 QB POWER READ,,,,,,,,13,35,-22,0,0
,127,D,1,10,-41,,,56,,,,,,,,,,13,35,-22,1,0
,128,D,1,10,-41,Run,,4,THUNDER,QB 37 COUNTER,,,,,,,,13,35,-22,#N/A,0
,129,D,2,6,-45,Run,,9,THUNDER,24 ISO,,,,,,,,13,35,-22,#N/A,0
,130,D,1,10,46,Run,,2,LIGHTNING,25 ISO,,,,,,,,13,35,-22,0,0
,131,D,2,8,44,Run,,21,LIGHTNING,26 QB POWER READ,,,,,,,,13,35,-22,0,1
,132,D,1,10,23,Run,,3,LIGHTNING,25 ISO,,,,,,,,13,35,-22,0,0
,134,D,,,,,,,,,,,,,,,,,,,0,0
,135,D,,,,,,,,,,,,,,,,,,,0,0
,1,,,,,,,,,,,,,,,,,0,0,0,0,0
,2,K,,,-40,,,,,,,,,,,,,0,0,0,0,0
,3,D,1,10,-20,Run,,4,OPEN LEFT,JET 19,,,,,,,,0,0,0,#N/A,0
,4,D,2,6,-24,,Penalty,5,,,,,,,,,,0,0,0,0,0
,5,D,3,1,-29,Run,,2,LIGHTNING TIGHT,24 ISO,,,,,,,,0,0,0,0,0
,6,D,1,10,-31,Run,,24,2X2 SLOTS TE,JET 18,,,,,,,,0,0,0,#N/A,0
,7,D,1,10,45,Pass,Penalty,-5,,,,,,,,,,0,0,0,#N/A,0
,8,D,1,15,50,Pass,Complete,22,TROJAN LEFT,ALL HITCH,,,,,,,,0,0,0,0,0
,9,D,1,10,28,Run,,12,2X2 SLOTS TE,30 TRAP,,,,,,,,0,0,0,1,0
,10,D,1,10,16,Run,TD,16,4 WIDE,15 SINGLE OMAHA,,,,,,,,0,6,-6,0,0
,11,K,0,,3,Extra Pt. Block,Penalty,1,,,,,,,,,,0,7,-7,#N/A,0
,12,K,0,,1,Extra Pt.,Good,,,,,,,,,,,0,7,-7,0,0
,13,K,1,10,-40,KO,,,,,,, ,,,,,0,7,-7,0,0
,14,O,1,10,-22,Pass,Incomplete,0,4 WIDE,PATRIOT,,,,,,R,,0,7,-7,#N/A,0
,15,O,2,10,-22,Run,Rush,1,TRIPS,GATOR,,,,,,R,,0,7,-7,0,0
,16,O,3,9,-23,Pass,Incomplete,0,4 WIDE,PATRIOT,,,,,,R,,0,7,-7,0,0
,17,K,4,9,-23,,,,,,,,,,,,,0,7,-7,0,0
,18,D,1,10,-26,Run,,3,THUNDER,JET 27 QB POWER READ,,,,,,,,0,7,-7,0,1
,19,D,2,7,-29,Run,,4,4 WIDE,23 POWER G,,,,,,,,0,7,-7,0,0
,20,D,3,3,-33,Run,,1,WISHBONE,FB Dive,,,,,,,,0,7,-7,#N/A,0
,21,K,4,1,-35,Punt,,,,,,,,,,,,0,7,-7,#N/A,0
,22,O,1,10,24,Run,Rush,-3,TRIPS SPLIT,GATOR,,,,,,R,,0,7,-7,#N/A,0
,23,O,2,13,27,Pass,Complete,25,4 WIDE,92 (SLANT/OUT),,,,,,R,,0,7,-7,#N/A,0
,24,O,1,10,2,Run,"Rush, TD",2,TWINS SPLIT,TROJAN QB,,,,,,R,,6,7,-1,0,0
,25,K,0,,4,Extra Pt.,,,,,,,,,,,,7,7,0,#N/A,0
,26,K,0,,-40,KO,,,,,,,,,,,,7,7,0,0,0
,27,D,1,10,-26,Run,,4,TRIPS LEFT,18,,,,,,,,7,7,0,0,1
,28,D,2,6,-30,Pass,Penalty,-5,,,,,,,,,,7,7,0,1,0
,29,D,2,11,-25,Run,,-4,THUNDER,14 SINGLE OMAHA,,,,,,,,7,7,0,1,1
,30,D,3,15,-21,Pass,Penalty,-5,,,,,,,,,,7,7,0,0,0
,31,D,3,20,-16,,Penalty,-5,,,,,,,,,,7,7,0,0,1
,32,D,3,25,-11,Pass,,13,TROJAN RIGHT,ROCKET,,,,,,,,7,7,0,#N/A,0
,33,K,4,12,-24,Punt,,,,,,,,,,,,7,7,0,#N/A,0
,34,O,1,10,42,Pass,Complete,10,TRIPS,JAGUAR,,,,,,R,,7,7,0,#N/A,0
,35,O,1,10,32,,Penalty,-5,TRIPS,,,,,,,,,7,7,0,1,0
,36,O,1,15,37,Pass,Incomplete,0,LEDGE TIGHT,CAROLINA TB,,,,,,R,,7,7,0,0,0
,37,O,2,15,37,Run,Rush,2,BUNCH,OREGON,,,,,,L,,7,7,0,1,0
,38,O,3,13,35,Pass,Incomplete,0,TRIPS SPLIT,SPUR,,,,,,R,,7,7,0,#N/A,0
,39,O,4,13,35,,Penalty,-5,LEDGE SPREAD,,,,,,,,,7,7,0,0,0
,40,K,4,18,40,,,,,,,,,,,,,7,7,0,0,0
,41,D,1,10,-2,Run,,8,ACE,FB Dive,,,,,,,,7,7,0,0,0
,42,D,2,2,-10,Run,,7,ACE,15 SINGLE OMAHA,,,,,,,,7,7,0,#N/A,0
,43,D,1,10,-17,Run,,-1,ACE,15 SINGLE OMAHA,,,,,,,,7,7,0,0,0
,44,D,2,11,-16,Pass,Complete,10,TROJAN RIGHT,ALL HITCH,,,,,,,,7,7,0,1,1
,45,D,3,1,-26,Run,,7,THUNDER,JET 19,,,,,,,,7,7,0,0,0
,46,D,1,10,-33,Run,,5,TROJAN LEFT,30 TRAP,,,,,,,,7,7,0,#N/A,0
,47,D,2,5,-38,Run,,15,TROJAN LEFT,31 TRAP,,,,,,,,7,7,0,#N/A,0
,48,D,1,10,47,Run,,6,4 WIDE,23 POWER G,,,,,,,,7,7,0,0,0
,49,D,2,9,41,Run,,5,THUNDER,24 ISO,,,,,,,,7,7,0,1,0
,50,D,1,10,36,Run,,33,TIGER LEFT,19,,,,,,,,7,7,0,0,0
,51,D,1,3,3,Run,,1,WISHBONE,19 TOSS,,,,,,,,7,7,0,1,0
,52,D,2,2,2,Run,TD,2,WISHBONE,27 POWER,,,,,,,,7,13,-6,#N/A,0
,53,K,0,,3,Extra Pt. Block,,,,,,,,,,,,7,14,-7,1,0
,54,K,0,,-40,KO Rec,,,,,,,,,,,,7,14,-7,#N/A,0
,55,O,1,10,-33,Pass,Interception,,TWINS SPLIT,PA 93 (FADE/OUT),,,,,,,,7,14,-7,1,0
,56,D,1,10,28,Run,,0,2X2 SLOTS TE,JET 19,,,,,,,,7,14,-7,#N/A,0
,57,D,2,10,28,Run,,9,2X2 SLOTS TE,30 TRAP,,,,,,,,7,14,-7,1,0
,58,D,3,1,19,Run,,4,WISHBONE,23 LEAD,,,,,,,,7,14,-7,0,0
,59,D,1,10,15,Run,Penalty,-10,,,,,,,,,,7,14,-7,1,0
,60,D,1,20,25,Pass,Incomplete,0,LIGHTNING,93,,,,,,,,7,14,-7,#N/A,0
,61,D,2,20,25,Pass,Complete,7,TROJAN RIGHT,CAT,,,,,,,,7,14,-7,#N/A,0
,62,D,3,13,18,Pass,Incomplete,0,TROJAN RIGHT,63 FLORIDA,,,,,,,,7,14,-7,0,0
,63,K,4,12,17,FG,No Good,,,,,,,,,,,7,17,-10,0,0
,64,O,1,10,-20,Run,Rush,0,TRIPS,UCLA (OKLAHOMA),,,,,,L,,7,17,-10,0,0
,65,O,2,10,-20,Run,Rush,6,TRIPS,FLORIDA,,,,,,L,,7,17,-10,1,0
,66,O,3,4,-26,Pass,Incomplete,0,4 WIDE,92 (SLANT/OUT),,,,,,R,,7,17,-10,0,0
,67,K,4,4,-26,,,,,,,,,,,,,7,17,-10,0,0
,68,D,1,10,-42,Run,TD,58,SINGLE WING,Z REVERSE,,,,,,,,7,23,-16,0,1
,69,K,0,,3,Extra Pt. Block,Good,,,,,,,,,,,7,24,-17,0,0
,70,K,0,,-40,KO Rec,,,,,,,,,,,,7,24,-17,0,0
,71,O,1,10,-6,Run,Rush,1,BUNCH,DUCKS,,,,,,R,,7,24,-17,0,1
,72,O,2,9,-7,Run,Rush,-4,LEDGE TIGHT,GATOR,,,,,,R,,7,24,-17,0,0
,73,O,3,13,-3,Run,Rush,8,LEDGE TIGHT,HAWKEYE,,,,,,R,,7,24,-17,0,0
,74,K,4,5,-11,,,,,,,,,,,,,7,24,-17,#N/A,0
,75,D,1,10,37,Pass,Interception,0,4 WIDE,50 ALL SEAM,,,,,,,,7,24,-17,#N/A,0
,76,K,1,10,-37,KO Rec,,,,,,,,,,,,7,24,-17,1,0
,77,O,1,10,-36,Run,Rush,0,TRIPS SPLIT,BRUIN,,,,,,R,,7,24,-17,0,0
,78,O,2,10,-36,Pass,Complete,10,LEDGE TIGHT,PANTHER F SHALLOW,,,,,,R,,7,24,-17,0,0
,79,O,1,10,-46,Run,Rush,-1,LEDGE TIGHT,HAWKEYE,,,,,,R,,7,24,-17,0,0
,80,O,2,11,-45,Pass,Sack,-3,TRIPS,JACKSONVILLE,,,,,,L,,7,24,-17,0,0
,81,O,3,14,-42,Pass,Complete,7,LEDGE TIGHT,PANTHER TB,,,,,,L,,7,24,-17,1,0
,82,K,4,17,-39,,,,,,,,,,,,,7,24,-17,1,0
,83,D,1,10,-15,Run,Penalty,22,,,,,,,,,,7,24,-17,1,0
,84,D,1,10,-37,Run,,5,SINGLE WING,25 ISO,,,,,,,,7,24,-17,#N/A,0
,85,D,2,5,-42,Run,,16,SINGLE WING,24 ISO,,,,,,,,7,24,-17,0,0
,86,D,1,10,42,Run,,8,SINGLE WING,19,,,,,,,,7,24,-17,0,0
,87,D,2,2,34,Run,,3,SINGLE WING,FB Dive,,,,,,,,7,24,-17,1,0
,88,D,1,10,31,,Penalty,5,SINGLE WING,,,,,,,,,7,24,-17,#N/A,0
,89,D,1,5,26,Run,,13,SINGLE WING,Z REVERSE,,,,,,,,7,24,-17,0,1
,90,D,1,10,13,Run,,3,SINGLE WING,25 ISO,,,,,,,,7,24,-17,#N/A,0
,91,D,2,7,10,Run,Penalty,-10,,,,,,,,,,7,24,-17,#N/A,0
,92,D,2,17,20,Pass,Complete,14,SINGLE WING,92,,,,,,,,7,24,-17,0,0
,93,D,1,6,6,,Penalty,2,SINGLE WING,,,,,,,,,7,24,-17,0,0
,94,D,1,4,4,Run,TD,4,SINGLE WING,QB SCRAMBLE,,,,,,,,7,30,-23,0,0
,95,K,0,,3,Extra Pt. Block,Good,,,,,,,,,,,7,31,-24,#N/A,0
,96,K,0,,-40,KO Rec,,,,,,,,,,,,7,31,-24,1,0
,97,O,1,10,48,Run,Penalty,10,4 WIDE,BRUIN,,,,,,R,,7,31,-24,#N/A,0
,98,O,1,10,38,Pass,Incomplete,0,4 WIDE,PATRIOT,,,,,,R,,7,31,-24,0,0
,99,O,2,10,38,Run,Rush,-3,4 WIDE,FLORIDA,,,,,,L,,7,31,-24,1,0
,100,O,3,13,41,Pass,Incomplete,0,LEDGE SPREAD,WARRIOR,,,,,,R,,7,31,-24,0,0
,101,O,4,13,41,Pass,Scramble,15,TRIPS SPLIT,BUFFALO,,,,,,R,,7,31,-24,1,0
,102,O,1,10,26,Run,Rush,-2,TRIPS SPLIT,UCLA (OKLAHOMA),,,,,,L,,7,31,-24,1,0
,103,O,2,12,28,Pass,Incomplete,0,4 WIDE,SAN ANTONIO,,,,,,L,,7,31,-24,#N/A,0
,104,O,3,12,28,Run,Rush,1,BUNCH,NEBRASKA,,,,,,R,,7,31,-24,0,1
,105,O,4,11,27,Pass,Incomplete,0,4 WIDE,NEW ENGLAND,,,,,,L,,7,31,-24,0,0
,106,D,1,10,-27,Run,,0,LIGHTNING,19,,,,,,,,7,31,-24,0,1
,107,D,2,10,-27,Run,,2,LIGHTNING,31 TRAP,,,,,,,,7,31,-24,0,0
,108,D,3,8,-29,Run,Penalty,,,,,,,,,,,7,31,-24,0,0
,109,K,,,-31,Punt,,,,,,,,,,,,7,31,-24,#N/A,0
,110,O,1,10,-48,Pass,Complete,10,TRIPS SPLIT,92 (SLANT/OUT),,,,,,L,,7,31,-24,0,0
,111,O,1,10,42,Run,Rush,7,TRIPS SPLIT,BRUIN (SOONER),,,,,,R,,7,31,-24,0,0
,112,O,2,3,35,Run,Rush,-4,TRIPS SPLIT,INDIANA,,,,,,L,,7,31,-24,0,0
,113,O,3,7,39,Pass,Penalty,10,TRIPS SPLIT,92 (SLANT/OUT),,,,,,R,,7,31,-24,1,0
,114,O,1,10,30,Pass,Complete,10,TRIPS SPLIT,92 (SLANT/OUT),,,,,,R,,7,31,-24,#N/A,0
,115,O,1,10,20,Pass,Interception,,TRIPS SPLIT,SLUGGO,,,,,,R,,7,31,-24,0,0
,116,D,1,10,28,Run,TD,28,SINGLE WING,Z REVERSE,,,,,,,,7,37,-30,#N/A,0
,117,K,0,,3,Extra Pt. Block,Good,,,,,,,,,,,7,38,-31,#N/A,0
,118,K,0,,-40,KO Rec,,,,,,,,,,,,7,38,-31,0,0
,119,O,1,10,-40,Run,Rush,3,LEDGE TIGHT,IOWA,,,,,,L,,7,38,-31,1,0
,120,O,2,7,-43,Run,Rush,4,LEDGE TIGHT,HAWKEYE QB,,,,,,R,,7,38,-31,0,0
,121,O,3,3,-47,Run,Rush,10,4 WIDE,USC QB,,,,,,L,,7,38,-31,1,0
,122,O,1,10,43,Run,Rush,0,4 WIDE,TROJAN QB,,,,,,R,,7,38,-31,1,0
,123,O,2,10,43,Pass,Incomplete,0,4 WIDE,91 (HITCH/SEAM),,,,,,R,,7,38,-31,0,0
,124,O,2,10,43,Run,Fumble,,LEDGE TIGHT,HAWKEYE,,,,,,R,,7,38,-31,1,0
,125,D,1,10,-37,Run,,3,WISHBONE,26 LEAD,,,,,,,,7,38,-31,0,0
,126,D,2,7,-40,Run,,39,ACE,10 SINGLE OMAHA,,,,,,,,7,38,-31,1,0
,127,D,1,10,21,Run,,7,4 WIDE,JET 37 QB COUNTER,,,,,,,,7,38,-31,0,0
,128,D,2,3,14,Run,,9,ACE,11 SINGLE OMAHA,,,,,,,,7,38,-31,0,0
,129,D,1,5,5,Run,,-4,THUNDER,14 SINGLE OMAHA,,,,,,,,7,38,-31,0,0
,130,D,2,9,9,Run,,2,4 WIDE,JET 36 QB COUNTER,,,,,,,,7,38,-31,#N/A,0
,131,D,3,7,8,Run,Fumble,-3,4 WIDE,JET 19,,,,,,,,7,38,-31,1,0
,132,O,1,10,-16,Run,Rush,5,4 WIDE,USC QB,,,,,,L,,7,38,-31,0,0
,1,S,,,,,,,,,,,,,,,,0,0,0,0,0
,2,D,2,6,40,Run,Rush,-6,4 WIDE,JET 18,,,,,,L,,0,0,0,1,0
,3,D,3,11,46,Pass,Scramble,5,LEDGE,62 FLORIDA HANK Z WHEEL,,,,,,R,,0,0,0,1,0
,4,K,4,6,41,Punt Rec,,,,,,,,,,,,0,0,0,1,0
,5,O,1,10,-15,Pass,Complete,7,4 WIDE,BEARS,3,,,N,,R,,0,0,0,0,1
,6,O,2,3,-22,Pass,Complete,10,TRIPS SPLIT,ALL HITCH,6,,,N,,R,,0,0,0,#N/A,0
,7,O,1,10,-32,Pass,Batted Down,0,5 WIDE,CHICAGO,4,,,N,,L,,0,0,0,#N/A,0
,8,O,2,10,-32,Run,Rush,1,TRIPS SPLIT,ARIZONA,,,,N,,R,,0,0,0,0,0
,9,O,3,9,-33,Pass,Complete,11,TRIPS SPLIT,STOPS,6,,,Y,,R,,0,0,0,0,0
,10,O,1,10,-44,Run,Rush,0,ACE,HOOSIER,,,,N,,R,,0,0,0,0,0
,11,O,2,10,-44,Run,Rush,4,COMET,GATOR,,,,N,,R,,0,0,0,0,0
,12,O,3,6,-48,Pass,Incomplete,0,TRIPS SPLIT,STOPS,5,,,N,,L,,0,0,0,1,0
,13,K,4,6,-48,Punt,,,,,,,,,,,,0,0,0,0,0
,14,D,1,10,-24,Run,Rush,5,TRIPS RIGHT,14 SINGLE OMAHA,,,,,,L,,0,0,0,0,0
,15,D,2,5,-29,Run,Rush,6,THUNDER,26 QB POWER G,,,,,,L,,0,0,0,0,1
,16,D,1,10,-35,Run,Rush,0,LOAD RIGHT,JET 18,,,,,,R,,0,0,0,0,0
,17,D,2,10,-35,Pass,Incomplete,0,LOAD LEFT,JET 418,4,,,,,L,,0,0,0,0,0
,18,D,3,10,-35,Pass,Incomplete,0,ACE,HITCH & GO,9,,,,,R,,0,0,0,0,0
,19,K,4,10,-35,Punt,,,,,,,,,,,,0,0,0,0,0
,20,O,1,10,-29,Run,Rush,7,TWINS,BADGER,,,,N,,R,,0,0,0,0,0
,21,O,2,3,-36,Pass,Dropped,0,TWINS,SAN DIEGO,7,,,N,,L,,0,0,0,0,0
,22,O,3,3,-36,Pass,Complete,6,TRIPS SPLIT,ALL HITCH,5,,,Y,,L,,0,0,0,#N/A,0
,23,O,1,10,-42,Run,Rush,1,TWINS,BADGER,,,,N,,R,,0,0,0,0,0
,24,O,2,9,-43,Pass,Complete,8,5 WIDE,BEARS,3,,,N,,R,,0,0,0,1,0
,25,O,3,1,49,Run,Rush,5,TWINS SPLIT,QB WISCONSIN,,,,Y,,L,,0,0,0,#N/A,0
,26,O,1,10,44,Pass,Scramble,12,TRIPS SPLIT,PLAY 1 VARIATION,,,,N,,R,,0,0,0,1,0
,27,O,1,10,32,Run,Rush,6,BEAST,WISCONSIN,,,,N,,L,,0,0,0,1,0
,28,O,2,4,26,Pass,Incomplete,0,4 WIDE,BEARS,4,,,N,,L,,0,0,0,1,0
,29,O,3,4,26,Pass,Sack,-4,BUNCH SPREAD,TIGER,,,,N,,R,,0,0,0,0,0
,30,O,4,8,30,Pass,Incomplete,0,5 WIDE,SEATTLE CROSS,6,,,Y,,R,,0,0,0,1,0
,31,D,1,10,-37,Run,Rush,2,5 WIDE,JET 44 TACKLE TRAP,,,,,,R,,0,0,0,0,0
,32,D,2,7,-39,Run,Rush,4,5 WIDE,JET 37 QB COUNTER,,,,,,L,,0,0,0,0,0
,33,D,3,4,-42,Pass,Complete,5,4 WIDE,91,4,,,,,L,,0,0,0,1,0
,34,D,1,10,-48,Run,Rush,3,4 WIDE STACK,15 SINGLE OMAHA,,,,,,L,,0,0,0,#N/A,0
,35,D,2,7,49,Run,Rush,1,OPEN LEFT,JET 37 COUNTER,,,,,,L,,0,0,0,0,0
,36,D,3,6,48,Pass,Penalty,15,5 WIDE,JET 50 ALL SEAM,9,,,,,L,,0,0,0,0,0
,37,D,1,10,33,Run,Rush,1,TWINS SPLIT,23 LEAD,,,,,,L,,0,0,0,0,0
,38,D,2,9,32,Run,Rush,7,LIGHTNING,14 SINGLE OMAHA,,,,,,R,,0,0,0,1,0
,39,D,3,2,25,Run,Rush,5,TOUCHDOWN SPLIT,15 SINGLE OMAHA,,,,,,L,,0,0,0,1,0
,40,D,1,10,20,,Penalty,-5,LOAD LEFT,,,,,,,,,0,0,0,#N/A,0
,41,D,1,15,25,Pass,Incomplete,0,TROJAN RIGHT,63 FLORIDA CAT,7,,,,,L,,0,0,0,0,0
,42,D,2,15,25,Run,Rush,3,4 WIDE,JET 30 TRAP,,,,,,R,,0,0,0,1,0
,43,D,3,12,22,Pass,Incomplete,0,4 WIDE,JET 50 ALL SEAM,9,,,,,R,,0,0,0,1,0
,44,D,4,12,22,Pass,Complete,20,LOAD LEFT,63 FLORIDA,4,,,,,L,,0,0,0,0,0
,45,D,1,2,2,Run,TD,2,TOUCHDOWN SPLIT,15 SINGLE OMAHA,,,,,,L,,0,6,-6,1,0
,46,K,0,,3,Extra Pt. Block,Good,,,,,,,,,,,0,7,-7,0,0
,47,K,0,,-40,KO Rec,,,,,,,,,,,,0,7,-7,1,0
,48,O,1,10,-20,Run,Penalty,-10,LEDGE TIGHT,FLORIDA,,,,N,,L,,0,7,-7,0,0
,49,O,1,20,-10,Pass,Incomplete,0,LEDGE TIGHT,NETS,3,,,N,,R,,0,7,-7,1,0
,50,O,2,20,-10,Run,Rush,5,LEDGE TIGHT,BULLDOG,,,,N,,R,,0,7,-7,1,0
,51,O,3,15,-15,Pass,Complete,4,LOAD,WARRIOR,3,,,N,,R,,0,7,-7,1,0
,52,K,2,6,-19,Punt,,,,,,,,,,,,0,7,-7,0,0
,53,D,1,10,-45,Pass,Incomplete,0,TRIPS RIGHT,62 FLORIDA CAT,6,,,,,R,,0,7,-7,0,0
,54,D,2,10,-45,Run,Rush,0,TWINS SPLIT,JET 37 COUNTER,,,,,,L,,0,7,-7,1,0
,55,S,3,10,-45,,Timeout,0,LOAD RIGHT,,,,,,,,,0,7,-7,0,0
,56,D,3,10,-45,Pass,Sack,-7,4 WIDE,63 FLORIDA CAT,,,,,,L,,0,7,-7,0,0
,57,K,4,17,-36,Punt,,,,,,,,,,,,0,7,-7,1,0
,58,O,1,10,-31,Pass,Complete,5,4 WIDE,ALL HITCH,6,,,N,,R,,0,7,-7,0,0
,59,O,2,5,-36,Pass,Dropped,0,4 WIDE,STOPS,5,,,N,,R,,0,7,-7,0,0
,60,O,3,5,-36,Pass,Complete,8,4 WIDE,ALL HITCH,4,,,N,,L,,0,7,-7,0,0
,61,O,1,10,-44,Pass,Complete,13,5 WIDE,PLAY 1,5,,,Y,,R,,0,7,-7,#N/A,0
,62,O,1,10,43,Pass,Complete,22,LEDGE TIGHT,THROWBACK,7,,,N,,L,,0,7,-7,1,0
,63,K,1,10,21,KO Rec,,,,,,,,,,,,0,7,-7,0,0
,64,O,1,10,-30,Run,Rush,7,LEDGE TIGHT,FLORIDA,,,,N,,L,,0,7,-7,1,0
,65,O,2,3,-37,Run,Rush,0,LEDGE TIGHT,GATOR,,,,N,,R,,0,7,-7,1,1
,66,O,3,3,-37,Run,Rush,6,BEAST,WISCONSIN,,,,Y,,L,,0,7,-7,0,0
,67,O,1,10,-43,Run,Rush,13,BEAST,USC,,,,N,,L,,0,7,-7,#N/A,0
,68,O,1,10,44,Run,Penalty,-10,BEAST,TROJAN,,,,N,,R,,0,7,-7,#N/A,0
,69,O,1,20,-46,Pass,Complete,9,LEDGE TIGHT,BROOKLYN,1,,,N,,L,,0,7,-7,0,0
,70,O,3,11,45,Run,Rush,8,4 WIDE,QB TIDE,,,,N,,R,,0,7,-7,1,0
,71,O,4,3,37,Run,Rush,1,BEAST,WISCONSIN,,,,N,,L,,0,7,-7,0,0
,72,O,1,10,-36,Pass,Incomplete,0,LEDGE TIGHT,ALL HITCH,7,,,N,,L,,0,7,-7,1,0
,73,D,1,10,-38,Run,Rush,2,4 WIDE,UCLA,,,,,,L,,0,7,-7,#N/A,0
,74,S,2,8,-40,,Timeout,,TWINS SPLIT,,,,,,,,,0,7,-7,1,0
,75,D,2,8,-40,Run,Rush,-5,LIGHTNING,JET 36 COUNTER,,,,,,L,,0,7,-7,0,0
,76,D,3,13,-35,Pass,Sack,-5,TRIPS LEFT,63 FLORIDA CAT,,,,,,L,,0,7,-7,#N/A,0
,77,K,4,18,-30,Punt,,,,,,,,,,,,0,7,-7,1,0
,78,O,1,10,-41,Run,Rush,5,TWINS,WISCONSIN,,,,N,,L,,0,7,-7,#N/A,0
,79,O,2,5,-46,Pass,Complete,11,TWINS,BROOKLYN,,,,N,,L,,0,7,-7,1,0
,80,O,1,10,45,Run,Rush,5,TWINS,BADGER,,,,N,,R,,0,7,-7,1,0
,81,O,2,5,40,Run,Rush,1,POWER I,WISCONSIN,,,,N,,L,,0,7,-7,1,0
,82,O,3,4,39,Run,Rush,1,LEDGE TIGHT,FLORIDA,,,,N,,L,,0,7,-7,1,0
,83,O,4,3,38,Run,1st DN,13,4 WIDE,QB TIDE,,,,N,,R,,0,7,-7,1,1
,84,O,1,10,25,Pass,"Complete, Fumble",14,4 WIDE,92,4,,,N,,L,,0,7,-7,#N/A,0
,85,D,1,10,-19,Run,Penalty,-5,TWINS SPLIT,JET 36 COUNTER,,,,,,R,,0,7,-7,0,0
,86,D,1,15,-14,Run,Rush,0,TWINS SPLIT,26 QB POWER READ,,,,,,L,,0,7,-7,0,0
,87,D,2,15,-14,Pass,Complete,11,LEDGE SPREAD,62 FLORIDA CAT,6,,,,,R,,0,7,-7,0,0
,88,D,3,4,-25,Run,Rush,0,TOUCHDOWN SPLIT,14 SINGLE OMAHA,,,,,,R,,0,7,-7,0,0
,89,K,4,4,-28,Punt,,,,,,,,,,,,0,7,-7,0,0
,90,O,1,10,-46,Run,Rush,3,TWINS,BADGER,,,,N,,R,,0,7,-7,1,0
,91,O,2,7,-49,Pass,Incomplete,0,TWINS,SAN DIEGO,7,,,N,,L,,0,7,-7,0,0
,92,O,3,7,-49,Pass,Scramble,0,TRIPS SPLIT,PLAY 1 VARIATION,9,,,Y,,L,,0,7,-7,0,0
,93,K,4,7,-49,Punt,,,,,,,,,,,,0,7,-7,1,0
,94,D,1,10,-20,Run,Rush,5,LIGHTNING,19 JET,,,,,,L,,0,7,-7,0,0
,95,D,2,5,-25,Run,Rush,4,ACE,10 SINGLE OMAHA,,,,,,L,,0,7,-7,#N/A,0
,96,D,3,1,-29,Run,Rush,1,THUNDER,JET 27 QB POWER READ,,,,,,L,,0,7,-7,0,0
,97,D,1,10,-31,Run,Rush,5,TWINS SPLIT,JET 26 QB POWER READ,,,,,,R,,0,7,-7,1,0
,98,D,2,5,-35,Run,Rush,2,2X2 SLOTS TE,JET 19,,,,,,L,,0,7,-7,#N/A,0
,99,D,3,3,-37,Run,Rush,-3,ACE,13 SINGLE OMAHA,,,,,,L,,0,7,-7,0,0
,100,K,4,6,-34,Punt,,,,,,,,,,,,0,7,-7,1,0
,101,K,1,10,,Punt,,,,,,,,,,,,0,7,-7,0,0
,102,O,1,10,49,Pass,Complete,7,LEDGE TIGHT,NETS,3,,,N,,R,,0,7,-7,0,0
,103,O,2,4,42,Run,Rush,6,LEDGE TIGHT,GATOR,,,,N,,R,,0,7,-7,0,0
,104,O,1,10,36,Run,Rush,9,TWINS SPLIT,QB BADGER,,,,N,,R,,0,7,-7,0,0
,105,O,2,1,27,Run,Rush,-1,TWINS SPLIT,BADGER,,,,N,,R,,0,7,-7,1,0
,106,O,3,2,28,Run,Rush,1,BEAST,BADGER,,,,N,,R,,0,7,-7,0,0
,107,O,4,1,27,Run,Rush,0,BEAST,BADGER,,,,N,,R,,0,7,-7,0,0
,108,,4,10,29,,,,,,,,,,,,,0,7,-7,1,0
,109,D,1,10,-25,Run,Rush,-3,TRIPS RIGHT,19,,,,,,L,,0,7,-7,0,0
,110,D,2,13,-22,Pass,TD,78,4 WIDE,JET 50 ALL SEAM,8,,,,,L,,0,13,-13,#N/A,0
,111,K,0,,3,Extra Pt. Block,Good,,,,,,,,,,,0,14,-14,0,0
,112,K,0,,-40,KO Rec,,,,,,,,,,,,0,14,-14,1,0
,113,O,1,10,-35,Pass,Incomplete,0,TWINS,92,8,,,N,,R,,0,14,-14,1,0
,114,O,2,10,-35,Pass,Complete,13,LEDGE,FALCON,6,,,N,,R,,0,14,-14,#N/A,0
,115,O,1,10,-48,Run,Rush,9,4 WIDE,QB BAMA,,,,N,,L,,0,14,-14,0,0
,116,O,2,1,43,Pass,Complete,7,4 WIDE,ALL HITCH,4,,,Y,,L,,0,14,-14,0,0
,117,O,1,10,38,Pass,Complete,34,5 WIDE,PLAY 1,,,,N,,R,,0,14,-14,0,0
,118,O,1,4,4,,Penalty,-5,5 WIDE,,,,,N,,,,0,14,-14,0,0
,119,O,1,9,9,Pass,Complete,8,5 WIDE,PLAY 2,6,,,N,,R,,0,14,-14,0,0
,120,O,2,1,1,Run,Rush,0,Pro,WISCONSIN,,,,Y,,L,,0,14,-14,0,0
,121,O,3,1,1,Run,TD,1,Pro,QB SNEAK,,,,Y,,L,,6,14,-8,#N/A,0
,122,K,1,,3,Extra Pt.,,,,,,,,N,,,,7,14,-7,#N/A,0
,123,K,0,,-40,Extra Pt.,Good,,,,,,,,,,,7,14,-7,1,0
,124,K,0,,-40,KO,,,,,,,,,,,,7,14,-7,0,0
,125,D,1,10,-25,Run,Rush,0,TWINS SPLIT,18,,,,,,R,,7,14,-7,0,0
,126,D,2,10,-25,Run,Rush,4,SLOTS,FB Dive,,,,,,R,,7,14,-7,0,0
,127,D,3,6,-29,Run,Rush,1,TWINS SPLIT,24 ISO,,,,,,R,,7,14,-7,0,0
,128,K,4,5,-30,Punt,,,,,,,,,,,,7,14,-7,0,0
,129,O,1,10,-43,Pass,Batted Down,0,TRIPS SPLIT,91,6,,,N,,R,,7,14,-7,#N/A,0
,130,O,2,10,-43,Pass,Scramble,0,TRIPS SPLIT,SAN FRAN,9,,,Y,,L,,7,14,-7,0,0
,131,O,3,10,-43,Pass,Penalty,-5,TRIPS SPLIT,BILLS,,,,Y,,,,7,14,-7,1,1
,132,O,3,15,-38,Pass,Interception,4,TRIPS SPLIT,CAROLINA,,,,Y,,L,,7,14,-7,#N/A,0
,133,S,,,45,,,,,,,,,,,,,,,,#N/A,0
,113,O,1,10,-35,Pass,Incomplete,0,TWINS,92,8,,,N,,R,,0,14,-14,1,0
,114,O,2,10,-35,Pass,Complete,13,LEDGE,FALCON,6,,,N,,R,,0,14,-14,1,0
,115,O,1,10,-48,Run,Rush,9,4 WIDE,QB BAMA,,,,N,,L,,0,14,-14,0,0
,116,O,2,1,43,Pass,Complete,7,4 WIDE,ALL HITCH,4,,,Y,,L,,0,14,-14,1,0
,117,O,1,10,38,Pass,Complete,34,5 WIDE,PLAY 1,,,,N,,R,,0,14,-14,1,1
,118,O,1,4,4,,Penalty,-5,5 WIDE,,,,,N,,,,0,14,-14,#N/A,0
,119,O,1,9,9,Pass,Complete,8,5 WIDE,PLAY 2,6,,,N,,R,,0,14,-14,1,0
,120,O,2,1,1,Run,Rush,0,Pro,WISCONSIN,,,,Y,,L,,0,14,-14,0,0
,121,O,3,1,1,Run,TD,1,Pro,QB SNEAK,,,,Y,,L,,6,14,-8,0,0
,122,K,1,,3,Extra Pt.,,,,,,,,N,,,,7,14,-7,#N/A,0
,123,K,0,,-40,Extra Pt.,Good,,,,,,,,,,,7,14,-7,#N/A,0
,124,K,0,,-40,KO,,,,,,,,,,,,7,14,-7,#N/A,0
,125,D,1,10,-25,Run,Rush,0,TWINS SPLIT,18,,,,,,R,,7,14,-7,0,0
,126,D,2,10,-25,Run,Rush,4,SLOTS,FB Dive,,,,,,R,,7,14,-7,0,0
,127,D,3,6,-29,Run,Rush,1,TWINS SPLIT,24 ISO,,,,,,R,,7,14,-7,0,0
,128,K,4,5,-30,Punt,,,,,,,,,,,,7,14,-7,#N/A,0
,129,O,1,10,-43,Pass,Batted Down,0,TRIPS SPLIT,91,6,,,N,,R,,7,14,-7,1,0
,130,O,2,10,-43,Pass,Scramble,0,TRIPS SPLIT,SAN FRAN,9,,,Y,,L,,7,14,-7,1,0
,131,O,3,10,-43,Pass,Penalty,-5,TRIPS SPLIT,BILLS,,,,Y,,,,7,14,-7,1,0
,132,O,3,15,-38,Pass,Interception,4,TRIPS SPLIT,CAROLINA,,,,Y,,L,,7,14,-7,1,0
,133,S,,,45,,,,,,,,,,,,,,,,#N/A,0